user_id,access_token
testuser1,eyJhbGciOiJIUzI1NiJ9.eyJzdWIiOiJtZW1iZXI6NSIsInVzZXJUeXBlIjoiTUVNQkVSIiwicm9sZSI6IlVTRVIiLCJpYXQiOjE3NjcwODU3NjMsImV4cCI6MTc2NzA5NjU2M30.cS4ruZ1W7C1pVhSvkEvFCLiITRnk3iy1_XXNBA20Ods
testuser2,eyJhbGciOiJIUzI1NiJ9.eyJzdWIiOiJtZW1iZXI6NiIsInVzZXJUeXBlIjoiTUVNQkVSIiwicm9sZSI6IlVTRVIiLCJpYXQiOjE3NjcwODU3NjMsImV4cCI6MTc2NzA5NjU2M30.xQssfXf2J5K7uWhdJ0gcjnkG-E4TAEbOCCxWugq-qt0
testuser3,eyJhbGciOiJIUzI1NiJ9.eyJzdWIiOiJtZW1iZXI6NyIsInVzZXJUeXBlIjoiTUVNQkVSIiwicm9sZSI6IlVTRVIiLCJpYXQiOjE3NjcwODU3NjQsImV4cCI6MTc2NzA5NjU2NH0.bgHk85bI-mIdhZPTAEcjXYrtUONerhN3L1LqJRWZRkg
testuser4,eyJhbGciOiJIUzI1NiJ9.eyJzdWIiOiJtZW1iZXI6OCIsInVzZXJUeXBlIjoiTUVNQkVSIiwicm9sZSI6IlVTRVIiLCJpYXQiOjE3NjcwODU3NjQsImV4cCI6MTc2NzA5NjU2NH0.RE-TrCD3888Ey3JCGOnBrBzvHrZe5F5pQnwx_-6YCFc
testuser5,eyJhbGciOiJIUzI1NiJ9.eyJzdWIiOiJtZW1iZXI6OSIsInVzZXJUeXBlIjoiTUVNQkVSIiwicm9sZSI6IlVTRVIiLCJpYXQiOjE3NjcwODU3NjQsImV4cCI6MTc2NzA5NjU2NH0.TpmGwxzKXrCM4-J30kHE81tKWpEiLVjAn4U8G1ZX_S0
testuser6,eyJhbGciOiJIUzI1NiJ9.eyJzdWIiOiJtZW1iZXI6MTAiLCJ1c2VyVHlwZSI6Ik1FTUJFUiIsInJvbGUiOiJVU0VSIiwiaWF0IjoxNzY3MDg1NzY0LCJleHAiOjE3NjcwOTY1NjR9.tppFwdc6muBxg-spEDAWQOrDxMIZdbmjTQ-J_pdhRcA
testuser7,eyJhbGciOiJIUzI1NiJ9.eyJzdWIiOiJtZW1iZXI6MTEiLCJ1c2VyVHlwZSI6Ik1FTUJFUiIsInJvbGUiOiJVU0VSIiwiaWF0IjoxNzY3MDg1NzY0LCJleHAiOjE3NjcwOTY1NjR9.odq_f-fifkTzF2-PNHFTKLadBgU4ql6bhqf1JWWs6gA
testuser8,eyJhbGciOiJIUzI1NiJ9.eyJzdWIiOiJtZW1iZXI6MTIiLCJ1c2VyVHlwZSI6Ik1FTUJFUiIsInJvbGUiOiJVU0VSIiwiaWF0IjoxNzY3MDg1NzY0LCJleHAiOjE3NjcwOTY1NjR9.x8maHGOW1LJljtVevIAjDd_377wn-9NYG5gQhMYwhM8
testuser9,eyJhbGciOiJIUzI1NiJ9.eyJzdWIiOiJtZW1iZXI6MTMiLCJ1c2VyVHlwZSI6Ik1FTUJFUiIsInJvbGUiOiJVU0VSIiwiaWF0IjoxNzY3MDg1NzY0LCJleHAiOjE3NjcwOTY1NjR9.KR1UZ0XTrS0oWO_5tEWr28Jn7N1zoW0EmR-r6gnv0NI
testuser10,eyJhbGciOiJIUzI1NiJ9.eyJzdWIiOiJtZW1iZXI6MTQiLCJ1c2VyVHlwZSI6Ik1FTUJFUiIsInJvbGUiOiJVU0VSIiwiaWF0IjoxNzY3MDg1NzY0LCJleHAiOjE3NjcwOTY1NjR9.pn7rNFob1Wjy3WuOSwDGGI9GHl4eN5O7wJuT2DgaPJI
testuser11,eyJhbGciOiJIUzI1NiJ9.eyJzdWIiOiJtZW1iZXI6MTUiLCJ1c2VyVHlwZSI6Ik1FTUJFUiIsInJvbGUiOiJVU0VSIiwiaWF0IjoxNzY3MDg1NzY0LCJleHAiOjE3NjcwOTY1NjR9.08FNAg7G0NzOHAsMOfO-J7MEpuwHLBUGq1yILyyg5bk
testuser12,eyJhbGciOiJIUzI1NiJ9.eyJzdWIiOiJtZW1iZXI6MTYiLCJ1c2VyVHlwZSI6Ik1FTUJFUiIsInJvbGUiOiJVU0VSIiwiaWF0IjoxNzY3MDg1NzY0LCJleHAiOjE3NjcwOTY1NjR9.t7Y8VlXMJx1hIk2fV1bYs3OMKK5FZsG9pkFR_ElTPRQ
testuser13,eyJhbGciOiJIUzI1NiJ9.eyJzdWIiOiJtZW1iZXI6MTciLCJ1c2VyVHlwZSI6Ik1FTUJFUiIsInJvbGUiOiJVU0VSIiwiaWF0IjoxNzY3MDg1NzY0LCJleHAiOjE3NjcwOTY1NjR9.XJeTdjBTcV9Uwc3QQoZ2ejRY6S9ciwLaKCBLGnrG0_E
testuser14,eyJhbGciOiJIUzI1NiJ9.eyJzdWIiOiJtZW1iZXI6MTgiLCJ1c2VyVHlwZSI6Ik1FTUJFUiIsInJvbGUiOiJVU0VSIiwiaWF0IjoxNzY3MDg1NzY0LCJleHAiOjE3NjcwOTY1NjR9.ZkxF83MWjD6wIv0YU8SJ8P3oYzCTAkrdFnEZ9HG0xMQ
testuser15,eyJhbGciOiJIUzI1NiJ9.eyJzdWIiOiJtZW1iZXI6MTkiLCJ1c2VyVHlwZSI6Ik1FTUJFUiIsInJvbGUiOiJVU0VSIiwiaWF0IjoxNzY3MDg1NzY0LCJleHAiOjE3NjcwOTY1NjR9.q96d0XGm7t4z2lbaN4busny0j9wlnEodC7tSeKxJb2w
testuser16,eyJhbGciOiJIUzI1NiJ9.eyJzdWIiOiJtZW1iZXI6MjAiLCJ1c2VyVHlwZSI6Ik1FTUJFUiIsInJvbGUiOiJVU0VSIiwiaWF0IjoxNzY3MDg1NzY0LCJleHAiOjE3NjcwOTY1NjR9.46uGk6wc5nhtV-3PaAJYiG6avLKlaVHAheSme4Nd_FE
testuser17,eyJhbGciOiJIUzI1NiJ9.eyJzdWIiOiJtZW1iZXI6MjEiLCJ1c2VyVHlwZSI6Ik1FTUJFUiIsInJvbGUiOiJVU0VSIiwiaWF0IjoxNzY3MDg1NzY0LCJleHAiOjE3NjcwOTY1NjR9.9RaKe-NpZcs7BcJQsA8PuUsvvgRKr7X_-jxmOxioNH4
testuser18,eyJhbGciOiJIUzI1NiJ9.eyJzdWIiOiJtZW1iZXI6MjIiLCJ1c2VyVHlwZSI6Ik1FTUJFUiIsInJvbGUiOiJVU0VSIiwiaWF0IjoxNzY3MDg1NzY0LCJleHAiOjE3NjcwOTY1NjR9.QPPN53_7_j8E7igkMro0HJVvKYRcLF9xZXE20WvRJeM
testuser19,eyJhbGciOiJIUzI1NiJ9.eyJzdWIiOiJtZW1iZXI6MjMiLCJ1c2VyVHlwZSI6Ik1FTUJFUiIsInJvbGUiOiJVU0VSIiwiaWF0IjoxNzY3MDg1NzY0LCJleHAiOjE3NjcwOTY1NjR9.lK6HfpXRN6mT3_mScGMzZA-WpV3X8Zt8g6D4j_DU6AQ
testuser20,eyJhbGciOiJIUzI1NiJ9.eyJzdWIiOiJtZW1iZXI6MjQiLCJ1c2VyVHlwZSI6Ik1FTUJFUiIsInJvbGUiOiJVU0VSIiwiaWF0IjoxNzY3MDg1NzY0LCJleHAiOjE3NjcwOTY1NjR9.OM1sSnDunCBzBJmaJwviMOpo0DYLrmixZeq2aiB61-o
testuser21,eyJhbGciOiJIUzI1NiJ9.eyJzdWIiOiJtZW1iZXI6MjUiLCJ1c2VyVHlwZSI6Ik1FTUJFUiIsInJvbGUiOiJVU0VSIiwiaWF0IjoxNzY3MDg1NzY0LCJleHAiOjE3NjcwOTY1NjR9.DfuHRvQpVjOPVW5yGIfj8QD1Vcn3tX_cSt5O2c3VCWE
testuser22,eyJhbGciOiJIUzI1NiJ9.eyJzdWIiOiJtZW1iZXI6MjYiLCJ1c2VyVHlwZSI6Ik1FTUJFUiIsInJvbGUiOiJVU0VSIiwiaWF0IjoxNzY3MDg1NzY0LCJleHAiOjE3NjcwOTY1NjR9.rrB1HJJRyN6ZFfVlET9imut-PotzkZOweSIgJa-oVuw
testuser23,eyJhbGciOiJIUzI1NiJ9.eyJzdWIiOiJtZW1iZXI6MjciLCJ1c2VyVHlwZSI6Ik1FTUJFUiIsInJvbGUiOiJVU0VSIiwiaWF0IjoxNzY3MDg1NzY0LCJleHAiOjE3NjcwOTY1NjR9.Q4LCoNHWE0LfFs3t7NCpQKUIy_XRdMfWAq7BV8bPmIw
testuser24,eyJhbGciOiJIUzI1NiJ9.eyJzdWIiOiJtZW1iZXI6MjgiLCJ1c2VyVHlwZSI6Ik1FTUJFUiIsInJvbGUiOiJVU0VSIiwiaWF0IjoxNzY3MDg1NzY0LCJleHAiOjE3NjcwOTY1NjR9.dNAq213bpnuaZM0LNTL7DPuH76t2KT_0gqoTlsp-gKE
testuser25,eyJhbGciOiJIUzI1NiJ9.eyJzdWIiOiJtZW1iZXI6MjkiLCJ1c2VyVHlwZSI6Ik1FTUJFUiIsInJvbGUiOiJVU0VSIiwiaWF0IjoxNzY3MDg1NzY0LCJleHAiOjE3NjcwOTY1NjR9.Yj-IwWC1mFl7CwVYV2rSTMi3NDaC2nN_GWLiB8SkS5o
testuser26,eyJhbGciOiJIUzI1NiJ9.eyJzdWIiOiJtZW1iZXI6MzAiLCJ1c2VyVHlwZSI6Ik1FTUJFUiIsInJvbGUiOiJVU0VSIiwiaWF0IjoxNzY3MDg1NzY0LCJleHAiOjE3NjcwOTY1NjR9.GcXwLSQbI2xXwpW0Q6K6WVx_40agCK6ylV7XBhgyKH4
testuser27,eyJhbGciOiJIUzI1NiJ9.eyJzdWIiOiJtZW1iZXI6MzEiLCJ1c2VyVHlwZSI6Ik1FTUJFUiIsInJvbGUiOiJVU0VSIiwiaWF0IjoxNzY3MDg1NzY0LCJleHAiOjE3NjcwOTY1NjR9.R7c4GHnnHJr4Gjuf5JV2ofPHQeXL2yrEXEVZC3TTJUw
testuser28,eyJhbGciOiJIUzI1NiJ9.eyJzdWIiOiJtZW1iZXI6MzIiLCJ1c2VyVHlwZSI6Ik1FTUJFUiIsInJvbGUiOiJVU0VSIiwiaWF0IjoxNzY3MDg1NzY0LCJleHAiOjE3NjcwOTY1NjR9.Jvs9SaI8MOCzmoLZ_1fgJ4uT-1wZEi__YLjcfJW-3do
testuser29,eyJhbGciOiJIUzI1NiJ9.eyJzdWIiOiJtZW1iZXI6MzMiLCJ1c2VyVHlwZSI6Ik1FTUJFUiIsInJvbGUiOiJVU0VSIiwiaWF0IjoxNzY3MDg1NzY0LCJleHAiOjE3NjcwOTY1NjR9.RW7s3KVd3F7kk9vMFgQIaWk6igi0H9jvSfEFI12CRIQ
testuser30,eyJhbGciOiJIUzI1NiJ9.eyJzdWIiOiJtZW1iZXI6MzQiLCJ1c2VyVHlwZSI6Ik1FTUJFUiIsInJvbGUiOiJVU0VSIiwiaWF0IjoxNzY3MDg1NzY0LCJleHAiOjE3NjcwOTY1NjR9.hual6gfEV_g0nCQkqDmyWzshfYF5_CcQtx7jFzknMzM
testuser31,eyJhbGciOiJIUzI1NiJ9.eyJzdWIiOiJtZW1iZXI6MzUiLCJ1c2VyVHlwZSI6Ik1FTUJFUiIsInJvbGUiOiJVU0VSIiwiaWF0IjoxNzY3MDg1NzY0LCJleHAiOjE3NjcwOTY1NjR9.glBcRN5LzcgSn5GJndgZw-v6Z0d5jLBLqfuLiAr0IJE
testuser32,eyJhbGciOiJIUzI1NiJ9.eyJzdWIiOiJtZW1iZXI6MzYiLCJ1c2VyVHlwZSI6Ik1FTUJFUiIsInJvbGUiOiJVU0VSIiwiaWF0IjoxNzY3MDg1NzY0LCJleHAiOjE3NjcwOTY1NjR9.hZbE7VfpNwM5-VjP-4aYho5psRwGKLQkePVz_F4YJIs
testuser33,eyJhbGciOiJIUzI1NiJ9.eyJzdWIiOiJtZW1iZXI6MzciLCJ1c2VyVHlwZSI6Ik1FTUJFUiIsInJvbGUiOiJVU0VSIiwiaWF0IjoxNzY3MDg1NzY0LCJleHAiOjE3NjcwOTY1NjR9.BH4g_YygqZ4bTwCXNJAmfsHkcDQIM79p8De9bqBNnjs
testuser34,eyJhbGciOiJIUzI1NiJ9.eyJzdWIiOiJtZW1iZXI6MzgiLCJ1c2VyVHlwZSI6Ik1FTUJFUiIsInJvbGUiOiJVU0VSIiwiaWF0IjoxNzY3MDg1NzY0LCJleHAiOjE3NjcwOTY1NjR9.5BgFWttekExmlxwZJg4tEKmoU55FBTqCDRrD0vjGcZc
testuser35,eyJhbGciOiJIUzI1NiJ9.eyJzdWIiOiJtZW1iZXI6MzkiLCJ1c2VyVHlwZSI6Ik1FTUJFUiIsInJvbGUiOiJVU0VSIiwiaWF0IjoxNzY3MDg1NzY0LCJleHAiOjE3NjcwOTY1NjR9.j46eIajpDY8C1EEeQKK8tLhT_LwsnKRCQLhHGA-7p-U
testuser36,eyJhbGciOiJIUzI1NiJ9.eyJzdWIiOiJtZW1iZXI6NDAiLCJ1c2VyVHlwZSI6Ik1FTUJFUiIsInJvbGUiOiJVU0VSIiwiaWF0IjoxNzY3MDg1NzY0LCJleHAiOjE3NjcwOTY1NjR9.KFvmRNFgKDkKjhSkQLcSM3MoYFVas1WiHq2vy6unc3k
testuser37,eyJhbGciOiJIUzI1NiJ9.eyJzdWIiOiJtZW1iZXI6NDEiLCJ1c2VyVHlwZSI6Ik1FTUJFUiIsInJvbGUiOiJVU0VSIiwiaWF0IjoxNzY3MDg1NzY0LCJleHAiOjE3NjcwOTY1NjR9.45nI945Ks_l8Qbh910IPmvPsi2332ClBozz2vKkb_rE
testuser38,eyJhbGciOiJIUzI1NiJ9.eyJzdWIiOiJtZW1iZXI6NDIiLCJ1c2VyVHlwZSI6Ik1FTUJFUiIsInJvbGUiOiJVU0VSIiwiaWF0IjoxNzY3MDg1NzY0LCJleHAiOjE3NjcwOTY1NjR9._uCuIuCmaFsjHrmPpMGnC4nYqn8cXcrjsyA4AYW3YGA
testuser39,eyJhbGciOiJIUzI1NiJ9.eyJzdWIiOiJtZW1iZXI6NDMiLCJ1c2VyVHlwZSI6Ik1FTUJFUiIsInJvbGUiOiJVU0VSIiwiaWF0IjoxNzY3MDg1NzY0LCJleHAiOjE3NjcwOTY1NjR9.NOgIrBlo63Bnzse0TikPhKRb-4tb8PB6P7lNoC0mfRo
testuser40,eyJhbGciOiJIUzI1NiJ9.eyJzdWIiOiJtZW1iZXI6NDQiLCJ1c2VyVHlwZSI6Ik1FTUJFUiIsInJvbGUiOiJVU0VSIiwiaWF0IjoxNzY3MDg1NzY0LCJleHAiOjE3NjcwOTY1NjR9._1u3D5KpE_8cwScGDF8_gkktEI84QqRWNnPUtwLSUxk
testuser41,eyJhbGciOiJIUzI1NiJ9.eyJzdWIiOiJtZW1iZXI6NDUiLCJ1c2VyVHlwZSI6Ik1FTUJFUiIsInJvbGUiOiJVU0VSIiwiaWF0IjoxNzY3MDg1NzY0LCJleHAiOjE3NjcwOTY1NjR9.IMZn-Hf4i1GtgoKOzAXPP1jalzEGJLJb04DMr7MwcJE
testuser42,eyJhbGciOiJIUzI1NiJ9.eyJzdWIiOiJtZW1iZXI6NDYiLCJ1c2VyVHlwZSI6Ik1FTUJFUiIsInJvbGUiOiJVU0VSIiwiaWF0IjoxNzY3MDg1NzY0LCJleHAiOjE3NjcwOTY1NjR9.3jdlOYNzfSr7zzxA9OCx6d_Sy-lXXUibfx_yojctX0U
testuser43,eyJhbGciOiJIUzI1NiJ9.eyJzdWIiOiJtZW1iZXI6NDciLCJ1c2VyVHlwZSI6Ik1FTUJFUiIsInJvbGUiOiJVU0VSIiwiaWF0IjoxNzY3MDg1NzY0LCJleHAiOjE3NjcwOTY1NjR9.X2DvNxOPXLUR8m0XugnLpVNliRFvhzA6OOkwqZj-ZPU
testuser44,eyJhbGciOiJIUzI1NiJ9.eyJzdWIiOiJtZW1iZXI6NDgiLCJ1c2VyVHlwZSI6Ik1FTUJFUiIsInJvbGUiOiJVU0VSIiwiaWF0IjoxNzY3MDg1NzY0LCJleHAiOjE3NjcwOTY1NjR9.5LFDhRJlDVMW6IjKsejDC2EU8E-ULiQCvVkvRltuhvc
testuser45,eyJhbGciOiJIUzI1NiJ9.eyJzdWIiOiJtZW1iZXI6NDkiLCJ1c2VyVHlwZSI6Ik1FTUJFUiIsInJvbGUiOiJVU0VSIiwiaWF0IjoxNzY3MDg1NzY0LCJleHAiOjE3NjcwOTY1NjR9.VwVs8E2yq8mXAka58IfHSnjAeJQQOvVkYGhojOTQz5M
testuser46,eyJhbGciOiJIUzI1NiJ9.eyJzdWIiOiJtZW1iZXI6NTAiLCJ1c2VyVHlwZSI6Ik1FTUJFUiIsInJvbGUiOiJVU0VSIiwiaWF0IjoxNzY3MDg1NzY0LCJleHAiOjE3NjcwOTY1NjR9.6TH3TiKVbAA_MHSxh96DJZqFddM3ogDPtkopCkHqqwM
testuser47,eyJhbGciOiJIUzI1NiJ9.eyJzdWIiOiJtZW1iZXI6NTEiLCJ1c2VyVHlwZSI6Ik1FTUJFUiIsInJvbGUiOiJVU0VSIiwiaWF0IjoxNzY3MDg1NzY0LCJleHAiOjE3NjcwOTY1NjR9.9GlWkybMuUKqeOC7SUOVbS1d6aiZPCJGDJVZpPZfUdU
testuser48,eyJhbGciOiJIUzI1NiJ9.eyJzdWIiOiJtZW1iZXI6NTIiLCJ1c2VyVHlwZSI6Ik1FTUJFUiIsInJvbGUiOiJVU0VSIiwiaWF0IjoxNzY3MDg1NzY0LCJleHAiOjE3NjcwOTY1NjR9.5YZJstmy9t8obW6_g6igCi-U3Juz2ebNdpIVjB707xA
testuser49,eyJhbGciOiJIUzI1NiJ9.eyJzdWIiOiJtZW1iZXI6NTMiLCJ1c2VyVHlwZSI6Ik1FTUJFUiIsInJvbGUiOiJVU0VSIiwiaWF0IjoxNzY3MDg1NzY0LCJleHAiOjE3NjcwOTY1NjR9.1-8a0xTibo_9wFxIsNzFt2acRrm_RaLNgjqHp4eTCZw
testuser50,eyJhbGciOiJIUzI1NiJ9.eyJzdWIiOiJtZW1iZXI6NTQiLCJ1c2VyVHlwZSI6Ik1FTUJFUiIsInJvbGUiOiJVU0VSIiwiaWF0IjoxNzY3MDg1NzY0LCJleHAiOjE3NjcwOTY1NjR9.2pwVyPZtUYrWsJRIw__-lnREpk8FuIOPZwaEAkwucww
testuser51,eyJhbGciOiJIUzI1NiJ9.eyJzdWIiOiJtZW1iZXI6NTUiLCJ1c2VyVHlwZSI6Ik1FTUJFUiIsInJvbGUiOiJVU0VSIiwiaWF0IjoxNzY3MDg1NzY0LCJleHAiOjE3NjcwOTY1NjR9.UzvoyHsbwY7ZxbZRgzUzAcu8tKmpHCVX5U0fdHJjRgY
testuser52,eyJhbGciOiJIUzI1NiJ9.eyJzdWIiOiJtZW1iZXI6NTYiLCJ1c2VyVHlwZSI6Ik1FTUJFUiIsInJvbGUiOiJVU0VSIiwiaWF0IjoxNzY3MDg1NzY0LCJleHAiOjE3NjcwOTY1NjR9.sS9JfOFZUByjWbZ6HEH4DI_LAHIQ30LFWUgB6mPIUvQ
testuser53,eyJhbGciOiJIUzI1NiJ9.eyJzdWIiOiJtZW1iZXI6NTciLCJ1c2VyVHlwZSI6Ik1FTUJFUiIsInJvbGUiOiJVU0VSIiwiaWF0IjoxNzY3MDg1NzY0LCJleHAiOjE3NjcwOTY1NjR9.D4YHQt2l7dkcfHCNa0Kwmlks6ZK4uja9pi17FsJzFiE
testuser54,eyJhbGciOiJIUzI1NiJ9.eyJzdWIiOiJtZW1iZXI6NTgiLCJ1c2VyVHlwZSI6Ik1FTUJFUiIsInJvbGUiOiJVU0VSIiwiaWF0IjoxNzY3MDg1NzY0LCJleHAiOjE3NjcwOTY1NjR9.Bs0okMAMmngAWoBWTRopOBKN76BLcUU_RHFwhj06M_s
testuser55,eyJhbGciOiJIUzI1NiJ9.eyJzdWIiOiJtZW1iZXI6NTkiLCJ1c2VyVHlwZSI6Ik1FTUJFUiIsInJvbGUiOiJVU0VSIiwiaWF0IjoxNzY3MDg1NzY0LCJleHAiOjE3NjcwOTY1NjR9.nVpO_-LyToBrik2RsoJ__CWuFJAd6F2KfWNVwXS0gIY
testuser56,eyJhbGciOiJIUzI1NiJ9.eyJzdWIiOiJtZW1iZXI6NjAiLCJ1c2VyVHlwZSI6Ik1FTUJFUiIsInJvbGUiOiJVU0VSIiwiaWF0IjoxNzY3MDg1NzY0LCJleHAiOjE3NjcwOTY1NjR9.mkeHo__m7BuVle3SUXXx3zGInlCrWB_JQYYiX6soizQ
testuser57,eyJhbGciOiJIUzI1NiJ9.eyJzdWIiOiJtZW1iZXI6NjEiLCJ1c2VyVHlwZSI6Ik1FTUJFUiIsInJvbGUiOiJVU0VSIiwiaWF0IjoxNzY3MDg1NzY0LCJleHAiOjE3NjcwOTY1NjR9.6as_IFwchP1qXruvVpBpS4iLTb1aduAVTk2XkVc6Nu0
testuser58,eyJhbGciOiJIUzI1NiJ9.eyJzdWIiOiJtZW1iZXI6NjIiLCJ1c2VyVHlwZSI6Ik1FTUJFUiIsInJvbGUiOiJVU0VSIiwiaWF0IjoxNzY3MDg1NzY0LCJleHAiOjE3NjcwOTY1NjR9.OfmXBNwWrvXSBFOvtp-aaLI7f__OC6vqFEygqrHkWM0
testuser59,eyJhbGciOiJIUzI1NiJ9.eyJzdWIiOiJtZW1iZXI6NjMiLCJ1c2VyVHlwZSI6Ik1FTUJFUiIsInJvbGUiOiJVU0VSIiwiaWF0IjoxNzY3MDg1NzY0LCJleHAiOjE3NjcwOTY1NjR9._rQh3AYcaN_y31JFQPok5NYWB9TJH19L_RFKGCMlJvc
testuser60,eyJhbGciOiJIUzI1NiJ9.eyJzdWIiOiJtZW1iZXI6NjQiLCJ1c2VyVHlwZSI6Ik1FTUJFUiIsInJvbGUiOiJVU0VSIiwiaWF0IjoxNzY3MDg1NzY0LCJleHAiOjE3NjcwOTY1NjR9.34Cd-OYMMcn6VR-QUBV0VS4FL5ENvldo_Itx36tNtMY
testuser61,eyJhbGciOiJIUzI1NiJ9.eyJzdWIiOiJtZW1iZXI6NjUiLCJ1c2VyVHlwZSI6Ik1FTUJFUiIsInJvbGUiOiJVU0VSIiwiaWF0IjoxNzY3MDg1NzY0LCJleHAiOjE3NjcwOTY1NjR9.Nk03l1AY0ANRYy-qI2lpeFB5HVUwHsjZF9msyAa8X9c
testuser62,eyJhbGciOiJIUzI1NiJ9.eyJzdWIiOiJtZW1iZXI6NjYiLCJ1c2VyVHlwZSI6Ik1FTUJFUiIsInJvbGUiOiJVU0VSIiwiaWF0IjoxNzY3MDg1NzY0LCJleHAiOjE3NjcwOTY1NjR9.Ofj_bTwLUuIVy0urTnRRYE-WTA8UJymlMTs_WS39WRE
testuser63,eyJhbGciOiJIUzI1NiJ9.eyJzdWIiOiJtZW1iZXI6NjciLCJ1c2VyVHlwZSI6Ik1FTUJFUiIsInJvbGUiOiJVU0VSIiwiaWF0IjoxNzY3MDg1NzY0LCJleHAiOjE3NjcwOTY1NjR9.iqg7Ox7YyS0SHIUb0KTWmQlkHquU8A-5A_aUddRYzHs
testuser64,eyJhbGciOiJIUzI1NiJ9.eyJzdWIiOiJtZW1iZXI6NjgiLCJ1c2VyVHlwZSI6Ik1FTUJFUiIsInJvbGUiOiJVU0VSIiwiaWF0IjoxNzY3MDg1NzY0LCJleHAiOjE3NjcwOTY1NjR9.4plDuq0oxmYlui5GoWKR-fx3yzDgXMU_lZr_1w0ekak
testuser65,eyJhbGciOiJIUzI1NiJ9.eyJzdWIiOiJtZW1iZXI6NjkiLCJ1c2VyVHlwZSI6Ik1FTUJFUiIsInJvbGUiOiJVU0VSIiwiaWF0IjoxNzY3MDg1NzY0LCJleHAiOjE3NjcwOTY1NjR9.IOY6YgaPk70iYBVleydhMr3Kvdxaz7LZyi3jmcT1TGU
testuser66,eyJhbGciOiJIUzI1NiJ9.eyJzdWIiOiJtZW1iZXI6NzAiLCJ1c2VyVHlwZSI6Ik1FTUJFUiIsInJvbGUiOiJVU0VSIiwiaWF0IjoxNzY3MDg1NzY0LCJleHAiOjE3NjcwOTY1NjR9.yNqxGxdJQlJsRb-NfwV9vUafeNBTKWoYJHS8UUghDEg
testuser67,eyJhbGciOiJIUzI1NiJ9.eyJzdWIiOiJtZW1iZXI6NzEiLCJ1c2VyVHlwZSI6Ik1FTUJFUiIsInJvbGUiOiJVU0VSIiwiaWF0IjoxNzY3MDg1NzY0LCJleHAiOjE3NjcwOTY1NjR9.xpUKeG-5v6pBlafPBk4iARMfWDSBkMR4d2T0LDTMuEw
testuser68,eyJhbGciOiJIUzI1NiJ9.eyJzdWIiOiJtZW1iZXI6NzIiLCJ1c2VyVHlwZSI6Ik1FTUJFUiIsInJvbGUiOiJVU0VSIiwiaWF0IjoxNzY3MDg1NzY0LCJleHAiOjE3NjcwOTY1NjR9.ROmk5QslJJ52c1Wldar44DDo2VWlW2WLyGFmV4vwTY4
testuser69,eyJhbGciOiJIUzI1NiJ9.eyJzdWIiOiJtZW1iZXI6NzMiLCJ1c2VyVHlwZSI6Ik1FTUJFUiIsInJvbGUiOiJVU0VSIiwiaWF0IjoxNzY3MDg1NzY0LCJleHAiOjE3NjcwOTY1NjR9.zwBUvE40oWrlTW21u10VOfx1OiY7UPgJmDrRUz_rWcw
testuser70,eyJhbGciOiJIUzI1NiJ9.eyJzdWIiOiJtZW1iZXI6NzQiLCJ1c2VyVHlwZSI6Ik1FTUJFUiIsInJvbGUiOiJVU0VSIiwiaWF0IjoxNzY3MDg1NzY0LCJleHAiOjE3NjcwOTY1NjR9.sSdKz_huSeKz6BcYFW6dl8r47ufy9zPL1wNnlyfvfD8
testuser71,eyJhbGciOiJIUzI1NiJ9.eyJzdWIiOiJtZW1iZXI6NzUiLCJ1c2VyVHlwZSI6Ik1FTUJFUiIsInJvbGUiOiJVU0VSIiwiaWF0IjoxNzY3MDg1NzY0LCJleHAiOjE3NjcwOTY1NjR9.NzG5t3VLopDqqw0gc0FFbLoPcHQQa_F5c_qzrnHDi5A
testuser72,eyJhbGciOiJIUzI1NiJ9.eyJzdWIiOiJtZW1iZXI6NzYiLCJ1c2VyVHlwZSI6Ik1FTUJFUiIsInJvbGUiOiJVU0VSIiwiaWF0IjoxNzY3MDg1NzY0LCJleHAiOjE3NjcwOTY1NjR9.J8ITwfb432FXYrVpw3cSAZZZcXrmkTIAdHPRf28zvR0
testuser73,eyJhbGciOiJIUzI1NiJ9.eyJzdWIiOiJtZW1iZXI6NzciLCJ1c2VyVHlwZSI6Ik1FTUJFUiIsInJvbGUiOiJVU0VSIiwiaWF0IjoxNzY3MDg1NzY0LCJleHAiOjE3NjcwOTY1NjR9.96DckHPsKheg7CE5B9ipYWN7oet1CFUqNBLzxU1fNGw
testuser74,eyJhbGciOiJIUzI1NiJ9.eyJzdWIiOiJtZW1iZXI6NzgiLCJ1c2VyVHlwZSI6Ik1FTUJFUiIsInJvbGUiOiJVU0VSIiwiaWF0IjoxNzY3MDg1NzY0LCJleHAiOjE3NjcwOTY1NjR9.K-ERKfLoE9Rr7jzZKxawSGD5L9OoawJnN9G1LR5xfR0
testuser75,eyJhbGciOiJIUzI1NiJ9.eyJzdWIiOiJtZW1iZXI6NzkiLCJ1c2VyVHlwZSI6Ik1FTUJFUiIsInJvbGUiOiJVU0VSIiwiaWF0IjoxNzY3MDg1NzY0LCJleHAiOjE3NjcwOTY1NjR9.NhTjUNrYUi1LXvs-VNyFqSXkFNZyt0Y4zzyRCMZkpZM
testuser76,eyJhbGciOiJIUzI1NiJ9.eyJzdWIiOiJtZW1iZXI6ODAiLCJ1c2VyVHlwZSI6Ik1FTUJFUiIsInJvbGUiOiJVU0VSIiwiaWF0IjoxNzY3MDg1NzY0LCJleHAiOjE3NjcwOTY1NjR9.-LcXIECYNqzoCzP4srMytxeY158rKvTk25X8sqVIrKs
testuser77,eyJhbGciOiJIUzI1NiJ9.eyJzdWIiOiJtZW1iZXI6ODEiLCJ1c2VyVHlwZSI6Ik1FTUJFUiIsInJvbGUiOiJVU0VSIiwiaWF0IjoxNzY3MDg1NzY0LCJleHAiOjE3NjcwOTY1NjR9.fGvkFPFJnrerjyEjSQmdXsgMriWq52WgaVw0mNPFDAM
testuser78,eyJhbGciOiJIUzI1NiJ9.eyJzdWIiOiJtZW1iZXI6ODIiLCJ1c2VyVHlwZSI6Ik1FTUJFUiIsInJvbGUiOiJVU0VSIiwiaWF0IjoxNzY3MDg1NzY0LCJleHAiOjE3NjcwOTY1NjR9.lhY8e5ohRRjVdI1IKkYAjww6CVIp4DXua2rqD20a_wQ
testuser79,eyJhbGciOiJIUzI1NiJ9.eyJzdWIiOiJtZW1iZXI6ODMiLCJ1c2VyVHlwZSI6Ik1FTUJFUiIsInJvbGUiOiJVU0VSIiwiaWF0IjoxNzY3MDg1NzY0LCJleHAiOjE3NjcwOTY1NjR9.ss1EWo--s-X41TJkpPmMVh4PPFGkGGJcjZBHi4oi2nM
testuser80,eyJhbGciOiJIUzI1NiJ9.eyJzdWIiOiJtZW1iZXI6ODQiLCJ1c2VyVHlwZSI6Ik1FTUJFUiIsInJvbGUiOiJVU0VSIiwiaWF0IjoxNzY3MDg1NzY0LCJleHAiOjE3NjcwOTY1NjR9.YPv4ktY3VToPmqpFcLXOr2emkEPmbO4K9OlQ14Q-DPA
testuser81,eyJhbGciOiJIUzI1NiJ9.eyJzdWIiOiJtZW1iZXI6ODUiLCJ1c2VyVHlwZSI6Ik1FTUJFUiIsInJvbGUiOiJVU0VSIiwiaWF0IjoxNzY3MDg1NzY0LCJleHAiOjE3NjcwOTY1NjR9.YGG-V0q-4fu_XbHykb9AzCA-FqDdALRxxaHV2gcxVEA
testuser82,eyJhbGciOiJIUzI1NiJ9.eyJzdWIiOiJtZW1iZXI6ODYiLCJ1c2VyVHlwZSI6Ik1FTUJFUiIsInJvbGUiOiJVU0VSIiwiaWF0IjoxNzY3MDg1NzY0LCJleHAiOjE3NjcwOTY1NjR9.bB0HeXB_GS0ACgETSVT_ZHKljp15pFsPoDAkSVUsVX8
testuser83,eyJhbGciOiJIUzI1NiJ9.eyJzdWIiOiJtZW1iZXI6ODciLCJ1c2VyVHlwZSI6Ik1FTUJFUiIsInJvbGUiOiJVU0VSIiwiaWF0IjoxNzY3MDg1NzY0LCJleHAiOjE3NjcwOTY1NjR9.neX9JWy4U69hFA2hy3u3cdAxZTHEHXyLVdVE9RzRfVI
testuser84,eyJhbGciOiJIUzI1NiJ9.eyJzdWIiOiJtZW1iZXI6ODgiLCJ1c2VyVHlwZSI6Ik1FTUJFUiIsInJvbGUiOiJVU0VSIiwiaWF0IjoxNzY3MDg1NzY0LCJleHAiOjE3NjcwOTY1NjR9.VCXT9u9xpjzNn5Pq1CsAOZIO6nFbkHhbyMQ6kNE_zfM
testuser85,eyJhbGciOiJIUzI1NiJ9.eyJzdWIiOiJtZW1iZXI6ODkiLCJ1c2VyVHlwZSI6Ik1FTUJFUiIsInJvbGUiOiJVU0VSIiwiaWF0IjoxNzY3MDg1NzY0LCJleHAiOjE3NjcwOTY1NjR9.HoSNgUD8dsZbqcoBy3y7NczsbrwKfak3z1ILnMJre3o
testuser86,eyJhbGciOiJIUzI1NiJ9.eyJzdWIiOiJtZW1iZXI6OTAiLCJ1c2VyVHlwZSI6Ik1FTUJFUiIsInJvbGUiOiJVU0VSIiwiaWF0IjoxNzY3MDg1NzY0LCJleHAiOjE3NjcwOTY1NjR9.804wkLeYMUubTrVPfcPnDWRhpjmkTjQTjNTXMbZNPzE
testuser87,eyJhbGciOiJIUzI1NiJ9.eyJzdWIiOiJtZW1iZXI6OTEiLCJ1c2VyVHlwZSI6Ik1FTUJFUiIsInJvbGUiOiJVU0VSIiwiaWF0IjoxNzY3MDg1NzY0LCJleHAiOjE3NjcwOTY1NjR9.LRlQQITjjwpSPEpnss1o_oJ_kUB45GLJAeIS9NYQ4L4
testuser88,eyJhbGciOiJIUzI1NiJ9.eyJzdWIiOiJtZW1iZXI6OTIiLCJ1c2VyVHlwZSI6Ik1FTUJFUiIsInJvbGUiOiJVU0VSIiwiaWF0IjoxNzY3MDg1NzY1LCJleHAiOjE3NjcwOTY1NjV9.jh_LTwmaF_wGIxQ4Wv40CYFr5fNVI9Cn3fL7x9rh1V0
testuser89,eyJhbGciOiJIUzI1NiJ9.eyJzdWIiOiJtZW1iZXI6OTMiLCJ1c2VyVHlwZSI6Ik1FTUJFUiIsInJvbGUiOiJVU0VSIiwiaWF0IjoxNzY3MDg1NzY1LCJleHAiOjE3NjcwOTY1NjV9.uoYqIP7bV3IJlb9svMejY_ZaugY69FiHVfwCDtcGYCw
testuser90,eyJhbGciOiJIUzI1NiJ9.eyJzdWIiOiJtZW1iZXI6OTQiLCJ1c2VyVHlwZSI6Ik1FTUJFUiIsInJvbGUiOiJVU0VSIiwiaWF0IjoxNzY3MDg1NzY1LCJleHAiOjE3NjcwOTY1NjV9.cseMah1xQhhkOX6s239imanCjPnOlWCs2cUNSDgK-_A
testuser91,eyJhbGciOiJIUzI1NiJ9.eyJzdWIiOiJtZW1iZXI6OTUiLCJ1c2VyVHlwZSI6Ik1FTUJFUiIsInJvbGUiOiJVU0VSIiwiaWF0IjoxNzY3MDg1NzY1LCJleHAiOjE3NjcwOTY1NjV9.obPH-wUkh__uvjGEnwnclUOYA_PV39bGC8DJUTm58xk
testuser92,eyJhbGciOiJIUzI1NiJ9.eyJzdWIiOiJtZW1iZXI6OTYiLCJ1c2VyVHlwZSI6Ik1FTUJFUiIsInJvbGUiOiJVU0VSIiwiaWF0IjoxNzY3MDg1NzY1LCJleHAiOjE3NjcwOTY1NjV9.XGSOdyBmyGuTVVV_sUb6xMXq9M6U9gZjCUCmwNH8YrI
testuser93,eyJhbGciOiJIUzI1NiJ9.eyJzdWIiOiJtZW1iZXI6OTciLCJ1c2VyVHlwZSI6Ik1FTUJFUiIsInJvbGUiOiJVU0VSIiwiaWF0IjoxNzY3MDg1NzY1LCJleHAiOjE3NjcwOTY1NjV9.eEcSMOdxdBJKmDgsMS2FmgKl278IHEODzmTJrmNCcVA
testuser94,eyJhbGciOiJIUzI1NiJ9.eyJzdWIiOiJtZW1iZXI6OTgiLCJ1c2VyVHlwZSI6Ik1FTUJFUiIsInJvbGUiOiJVU0VSIiwiaWF0IjoxNzY3MDg1NzY1LCJleHAiOjE3NjcwOTY1NjV9.TFP0ipg8Om06hD7V4qh-mX2c6WYIAqLutOu_3lPxcYI
testuser95,eyJhbGciOiJIUzI1NiJ9.eyJzdWIiOiJtZW1iZXI6OTkiLCJ1c2VyVHlwZSI6Ik1FTUJFUiIsInJvbGUiOiJVU0VSIiwiaWF0IjoxNzY3MDg1NzY1LCJleHAiOjE3NjcwOTY1NjV9.e7sovDAN0SPvBZhNtRWHpwlF2M4mvi9q7SfvJSVTY7A
testuser96,eyJhbGciOiJIUzI1NiJ9.eyJzdWIiOiJtZW1iZXI6MTAwIiwidXNlclR5cGUiOiJNRU1CRVIiLCJyb2xlIjoiVVNFUiIsImlhdCI6MTc2NzA4NTc2NSwiZXhwIjoxNzY3MDk2NTY1fQ.NlhhGQ2JfPSMCuc8naeyT8zIGjBibqjzL9kTdxXkh4I
testuser97,eyJhbGciOiJIUzI1NiJ9.eyJzdWIiOiJtZW1iZXI6MTAxIiwidXNlclR5cGUiOiJNRU1CRVIiLCJyb2xlIjoiVVNFUiIsImlhdCI6MTc2NzA4NTc2NSwiZXhwIjoxNzY3MDk2NTY1fQ.ryxNnGZE-xR6wnyDtPZ5KiyxQtbS-D0MkpFY3rj7IK4
testuser98,eyJhbGciOiJIUzI1NiJ9.eyJzdWIiOiJtZW1iZXI6MTAyIiwidXNlclR5cGUiOiJNRU1CRVIiLCJyb2xlIjoiVVNFUiIsImlhdCI6MTc2NzA4NTc2NSwiZXhwIjoxNzY3MDk2NTY1fQ.PNubxf14KUhuSwHYd1dr9XV6iCAg_TPeXQucmrk3EGk
testuser99,eyJhbGciOiJIUzI1NiJ9.eyJzdWIiOiJtZW1iZXI6MTAzIiwidXNlclR5cGUiOiJNRU1CRVIiLCJyb2xlIjoiVVNFUiIsImlhdCI6MTc2NzA4NTc2NSwiZXhwIjoxNzY3MDk2NTY1fQ.Qp977bThxi2615fM8oOYjqHe4q_-96WzCpHr6K3Wwp0
testuser100,eyJhbGciOiJIUzI1NiJ9.eyJzdWIiOiJtZW1iZXI6MTA0IiwidXNlclR5cGUiOiJNRU1CRVIiLCJyb2xlIjoiVVNFUiIsImlhdCI6MTc2NzA4NTc2NSwiZXhwIjoxNzY3MDk2NTY1fQ.hsG-Rulum_Es51O4QIoGecuxdisedQqaGI2nlX6uJXw
